,video,short-term_memorability,long-term_memorability
0,7494,0.872474551,0.791039407
1,7495,0.839502692,0.765932858
2,7496,0.885256529,0.80000931
3,7497,0.859811425,0.781256437
4,7498,0.865512609,0.785754919
5,7499,0.877343357,0.793605506
6,7500,0.884238958,0.799509525
7,7502,0.872212052,0.789898813
8,7503,0.875009179,0.791858554
9,7504,0.880160272,0.796382785
10,7505,0.858921468,0.781699359
11,7506,0.867922366,0.788684845
12,7507,0.885516107,0.800353289
13,7508,0.875789404,0.792396903
14,7510,0.869518399,0.788401306
15,7511,0.879791498,0.796342552
16,7513,0.874062717,0.791768014
17,7515,0.868965924,0.787671506
18,7516,0.857513368,0.780013561
19,7517,0.812720001,0.74606806
20,7518,0.876516223,0.793270051
21,7519,0.880177498,0.795980513
22,7520,0.840286553,0.766950071
23,7521,0.884765744,0.799486697
24,7522,0.8731305,0.79123491
25,7523,0.885036707,0.800023913
26,7524,0.871159613,0.789014041
27,7525,0.869393945,0.790314674
28,7526,0.861271083,0.780614316
29,7527,0.873514116,0.790542305
30,7528,0.8502267,0.774665236
31,7530,0.886401594,0.800857008
32,7531,0.871761978,0.787807941
33,7532,0.829592943,0.760590196
34,7533,0.866585016,0.785521448
35,7534,0.855807483,0.778769791
36,7535,0.871195614,0.789191246
37,7536,0.865925789,0.785887241
38,7538,0.862613082,0.781152964
39,7539,0.879033267,0.796352565
40,7540,0.895850778,0.808458447
41,7541,0.849295378,0.772658288
42,7542,0.877405524,0.794693351
43,7543,0.848667264,0.773108184
44,7544,0.855621576,0.777807534
45,7545,0.886187136,0.801354885
46,7546,0.860365033,0.781829774
47,7548,0.886698127,0.800983071
48,7549,0.868453681,0.785200119
49,7550,0.874609947,0.791237056
50,7552,0.844261467,0.769602001
51,7554,0.876046419,0.793261766
52,7555,0.80243355,0.738705814
53,7556,0.894183755,0.806794047
54,7558,0.850351274,0.774209321
55,7560,0.86208874,0.781864047
56,7562,0.874143302,0.792509198
57,7563,0.887082219,0.801548362
58,7565,0.88548106,0.800000846
59,7566,0.881204844,0.796981692
60,7567,0.829093874,0.758669853
61,7568,0.880504549,0.796254516
62,7569,0.847971916,0.770874441
63,7571,0.87537545,0.792135596
64,7572,0.894113779,0.806942046
65,7573,0.850831866,0.774747014
66,7574,0.869281948,0.787905276
67,7575,0.843549252,0.768911779
68,7576,0.853754878,0.775353789
69,7578,0.870378256,0.788436711
70,7579,0.843395412,0.770696223
71,7580,0.844071567,0.769414723
72,7581,0.861415446,0.780693173
73,7582,0.876648903,0.793218851
74,7584,0.874297857,0.791267455
75,7585,0.877415955,0.797311604
76,7587,0.879496574,0.795427382
77,7588,0.881499827,0.799087465
78,7589,0.854815125,0.777063549
79,7590,0.884052157,0.798898876
80,7591,0.903732121,0.815656841
81,7592,0.838075876,0.765262485
82,7593,0.862869084,0.783963442
83,7596,0.887031138,0.800548851
84,7597,0.881443977,0.796933174
85,7598,0.824780583,0.7562657
86,7599,0.828112781,0.756249726
87,7600,0.833224654,0.761766136
88,7602,0.874024928,0.791964054
89,7603,0.872898042,0.791266382
90,7604,0.866901994,0.785623729
91,7605,0.878654003,0.794578969
92,7606,0.877836525,0.795514047
93,7607,0.821636796,0.753691196
94,7608,0.877427518,0.796206176
95,7609,0.876659214,0.794104695
96,7610,0.887801051,0.802246869
97,7611,0.851224899,0.775409997
98,7612,0.873278141,0.792722881
99,7613,0.878127575,0.794776618
100,7614,0.886879265,0.801176429
101,7615,0.873267889,0.791177392
102,7616,0.808352232,0.743234634
103,7617,0.879293203,0.79474628
104,7618,0.804334402,0.740060925
105,7619,0.873554647,0.79068917
106,7621,0.867649913,0.789520621
107,7624,0.848307669,0.773431599
108,7625,0.845620394,0.77267307
109,7626,0.833045542,0.761900246
110,7627,0.886682272,0.801227093
111,7628,0.8800506,0.794418156
112,7629,0.829801142,0.76069361
113,7631,0.862064481,0.781892657
114,7632,0.876621604,0.793694198
115,7633,0.83460021,0.763750374
116,7634,0.830569506,0.759306967
117,7635,0.851289332,0.773195684
118,7636,0.860267818,0.780960083
119,7637,0.876232386,0.7935974
120,7638,0.844267786,0.769253016
121,7640,0.866555333,0.788444042
122,7641,0.834728181,0.763054967
123,7642,0.875104904,0.791863799
124,7643,0.853022873,0.776780605
125,7644,0.886128664,0.801224232
126,7646,0.864697576,0.783458948
127,7647,0.818250775,0.750707746
128,7648,0.877066314,0.793387294
129,7649,0.873416364,0.790717423
130,7650,0.876187444,0.792868435
131,7651,0.876114786,0.793501139
132,7652,0.873282433,0.791894317
133,7654,0.848001838,0.774746597
134,7655,0.863528728,0.783373833
135,7656,0.831242681,0.761722088
136,7657,0.860699177,0.782098472
137,7659,0.830460846,0.758386672
138,7660,0.8916682,0.805568039
139,7661,0.850675523,0.775558591
140,7662,0.887460709,0.80263555
141,7664,0.888530791,0.802338958
142,7665,0.871289611,0.788639605
143,7667,0.842693508,0.768804789
144,7669,0.869323671,0.788992405
145,7670,0.847596824,0.772773027
146,7671,0.82401371,0.753075123
147,7672,0.877953172,0.796050787
148,7673,0.876939058,0.792093873
149,7674,0.905793428,0.817136407
150,7675,0.864377379,0.785080612
151,7676,0.841047287,0.767222345
152,7677,0.824078321,0.753985524
153,7678,0.879769325,0.795850754
154,7679,0.839384019,0.766490459
155,7680,0.843281269,0.769141257
156,7681,0.81830436,0.750643611
157,7682,0.858220875,0.781096935
158,7683,0.892047942,0.805522442
159,7686,0.865844429,0.786863744
160,7687,0.860490978,0.782283366
161,7688,0.881488979,0.796982825
162,7689,0.840329349,0.765105963
163,7690,0.870967388,0.7895329
164,7691,0.868545592,0.787779689
165,7692,0.827316821,0.756834745
166,7694,0.874205291,0.791795969
167,7696,0.86386025,0.78279382
168,7697,0.878592789,0.794551611
169,7698,0.839644551,0.766516328
170,7699,0.876019239,0.792926013
171,7701,0.856182039,0.776603162
172,7702,0.895489991,0.807826698
173,7703,0.872405529,0.7909863
174,7704,0.876047552,0.793593407
175,7705,0.850279152,0.774379849
176,7706,0.857797623,0.780742586
177,7707,0.838110507,0.765363634
178,7710,0.848310053,0.773704529
179,7711,0.87470752,0.792919338
180,7713,0.880342484,0.796077609
181,7714,0.874541581,0.791345417
182,7715,0.84395057,0.769640088
183,7716,0.852661371,0.778576553
184,7717,0.894105732,0.806934476
185,7718,0.882736623,0.796522915
186,7719,0.885969281,0.801312625
187,7720,0.873580039,0.791724145
188,7721,0.846200109,0.772011518
189,7722,0.855378568,0.774962604
190,7723,0.821495056,0.752492964
191,7724,0.887056887,0.801523209
192,7725,0.869748175,0.78935951
193,7726,0.848496139,0.774109602
194,7728,0.882067204,0.798917353
195,7729,0.862105191,0.782505512
196,7731,0.856099427,0.777182639
197,7732,0.827041566,0.756982744
198,7736,0.897657931,0.809661746
199,7737,0.846285522,0.771726131
200,7738,0.865416765,0.785984755
201,7739,0.853489041,0.778350592
202,7740,0.875370324,0.791972876
203,7741,0.884366691,0.799557328
204,7742,0.872118175,0.791264892
205,7743,0.876859725,0.793212593
206,7745,0.816275775,0.751875818
207,7746,0.830905497,0.759188354
208,7748,0.877927542,0.793936551
209,7749,0.823043823,0.754846811
210,7751,0.869829834,0.78916508
211,7752,0.825255334,0.756421387
212,7753,0.868454099,0.789733589
213,7754,0.852565646,0.776447654
214,7756,0.820791721,0.7526052
215,7757,0.872060657,0.790037036
216,7758,0.854405582,0.775763512
217,7759,0.828267157,0.757413805
218,7760,0.898961008,0.810560703
219,7761,0.885566175,0.801307082
220,7762,0.868824422,0.787053764
221,7763,0.867344856,0.787988365
222,7769,0.862801909,0.782301188
223,7770,0.865686476,0.785179555
224,7771,0.829616427,0.760877073
225,7772,0.885383546,0.800080657
226,7773,0.872270167,0.793193281
227,7774,0.891656935,0.80510515
228,7775,0.86883992,0.788148105
229,7777,0.872924805,0.790366054
230,7780,0.869858384,0.790169418
231,7782,0.872660935,0.790611982
232,7783,0.879043221,0.793803751
233,7784,0.834054053,0.760873556
234,7785,0.870222986,0.788907051
235,7786,0.879461646,0.797251225
236,7787,0.847530663,0.77123338
237,7788,0.863092601,0.78629297
238,7789,0.880667329,0.796988547
239,7792,0.858955979,0.779990733
240,7793,0.844095647,0.770375311
241,7795,0.830481827,0.759159386
242,7799,0.872328699,0.791926682
243,7800,0.834876478,0.763672054
244,7801,0.843840778,0.768656552
245,7802,0.846419632,0.771167278
246,7803,0.854152381,0.77787745
247,7804,0.812121153,0.745887518
248,7805,0.827246428,0.756626248
249,7806,0.808518946,0.742458642
250,7807,0.897696435,0.808346868
251,7808,0.873894095,0.794154108
252,7809,0.842848957,0.769548476
253,7811,0.862855792,0.783377409
254,7812,0.81490761,0.74812597
255,7813,0.867055833,0.78668648
256,7815,0.894356906,0.80695796
257,7816,0.876682281,0.793352127
258,7817,0.858895838,0.781845689
259,7818,0.867794752,0.78597182
260,7819,0.842316747,0.768526554
261,7820,0.855385542,0.777540684
262,7821,0.830262661,0.758155465
263,7822,0.873056233,0.790730178
264,7823,0.843687057,0.769450128
265,7824,0.870237231,0.789375007
266,7825,0.887656212,0.802375913
267,7826,0.876442909,0.793738067
268,7828,0.890464306,0.804107726
269,7830,0.853325486,0.773359656
270,7831,0.869932294,0.789181769
271,7832,0.851432383,0.777468562
272,7833,0.878712058,0.793217063
273,7834,0.832030535,0.760195792
274,7835,0.830465198,0.760163307
275,7837,0.869242191,0.788223267
276,7838,0.843515098,0.769100189
277,7839,0.856742501,0.77876693
278,7840,0.877707541,0.794536233
279,7841,0.837992549,0.764835417
280,7842,0.847363889,0.77177012
281,7844,0.851006627,0.776949823
282,7846,0.88577956,0.799680054
283,7848,0.829657853,0.75757134
284,7849,0.829497337,0.759674072
285,7851,0.876533389,0.792934477
286,7852,0.869220197,0.788749278
287,7853,0.876282334,0.792293191
288,7854,0.852117538,0.775548279
289,7856,0.880697846,0.796991229
290,7858,0.894315243,0.807743073
291,7861,0.872889519,0.790988803
292,7862,0.870671213,0.790711224
293,7863,0.869942427,0.789149344
294,7865,0.884678066,0.799551427
295,7867,0.893464029,0.806306839
296,7868,0.875409126,0.792440951
297,7869,0.882795215,0.798514485
298,7872,0.810904503,0.745088935
299,7873,0.882007301,0.799123168
300,7874,0.820179701,0.751543581
301,7875,0.872067153,0.789615154
302,7878,0.87481457,0.794143498
303,7879,0.876986742,0.793873608
304,7880,0.861685693,0.783907473
305,7883,0.859224916,0.781317472
306,7884,0.856941462,0.778358221
307,7885,0.882893384,0.798711777
308,7886,0.885267317,0.799975753
309,7887,0.879983246,0.797872245
310,7888,0.896180272,0.808531463
311,7889,0.904106677,0.815880656
312,7890,0.870220602,0.787889242
313,7891,0.848573148,0.774312079
314,7892,0.857132733,0.778017223
315,7893,0.877513766,0.793660164
316,7894,0.881184399,0.795160174
317,7895,0.865220964,0.7846241
318,7896,0.878451824,0.795291543
319,7897,0.85518539,0.780332804
320,7898,0.882399738,0.796394587
321,7899,0.886165559,0.800613582
322,7901,0.87537843,0.792123377
323,7902,0.84911263,0.773487866
324,7903,0.853636801,0.779470384
325,7904,0.881094754,0.796625257
326,7906,0.846590459,0.772164285
327,7907,0.844783306,0.771035492
328,7908,0.876570344,0.794781804
329,7909,0.878259659,0.793979824
330,7910,0.852337122,0.776627362
331,7912,0.840787411,0.766680777
332,7913,0.854436159,0.778798401
333,7915,0.863745272,0.783203304
334,7916,0.892808974,0.806008518
335,7917,0.85561353,0.777219296
336,7918,0.871555567,0.789080679
337,7919,0.85766238,0.779643953
338,7920,0.872316182,0.790137947
339,7921,0.878290594,0.794239104
340,7923,0.873841465,0.791719854
341,7925,0.86557138,0.78779763
342,7926,0.89377135,0.806590438
343,7927,0.862107038,0.782523751
344,7928,0.873487473,0.791951597
345,7929,0.865469754,0.784258068
346,7930,0.882720232,0.797932029
347,7931,0.843378425,0.769423842
348,7933,0.860711575,0.781654477
349,7935,0.861642063,0.784491241
350,7936,0.846511483,0.7716223
351,7939,0.87309736,0.790599406
352,7940,0.873186648,0.791553795
353,7941,0.870919883,0.789359689
354,7942,0.876148939,0.792576671
355,7944,0.849552512,0.772217691
356,7945,0.881455958,0.797291934
357,7946,0.85518223,0.776741564
358,7947,0.822866499,0.753288805
359,7948,0.883612096,0.798903406
360,7951,0.862141728,0.783452213
361,7952,0.873950005,0.790597737
362,7953,0.843579829,0.770078301
363,7954,0.861478388,0.782397032
364,7955,0.809234202,0.743384719
365,7956,0.86264354,0.781633794
366,7957,0.844384432,0.76949805
367,7958,0.883112252,0.798089027
368,7959,0.886233747,0.800807953
369,7961,0.887608171,0.803648949
370,7962,0.823618233,0.75294435
371,7963,0.853690684,0.775760889
372,7964,0.858954728,0.780081451
373,7967,0.894769967,0.80686301
374,7969,0.836070538,0.763328433
375,7970,0.827382147,0.758172631
376,7972,0.866217852,0.784374833
377,7973,0.877309084,0.793457448
378,7975,0.859122157,0.779928803
379,7976,0.819949508,0.750904679
380,7977,0.861538649,0.782435834
381,7980,0.885296524,0.800518811
382,7981,0.850577176,0.775398374
383,7983,0.890253246,0.803715587
384,7984,0.884353638,0.800430417
385,7985,0.884137928,0.799707413
386,7986,0.884961307,0.800169587
387,7987,0.834312081,0.762267768
388,7988,0.878748417,0.79575938
389,7990,0.886399925,0.801157236
390,7991,0.82526511,0.755989969
391,7992,0.849961638,0.773560047
392,7993,0.855084181,0.778612792
393,7994,0.893061578,0.805976093
394,7995,0.887624502,0.803677022
395,7996,0.888730884,0.803944409
396,7997,0.874059558,0.791725039
397,7998,0.825051427,0.754105687
398,7999,0.832477808,0.761893988
399,8000,0.840484917,0.769439816
400,8001,0.854204237,0.779741049
401,8002,0.83910507,0.768406034
402,8004,0.88554728,0.801014483
403,8008,0.877536297,0.793667555
404,8009,0.880144954,0.797839642
405,8010,0.851077259,0.774235189
406,8012,0.876541734,0.793793976
407,8013,0.824875414,0.754029512
408,8014,0.870544851,0.790629804
409,8015,0.841666996,0.768283486
410,8016,0.877082765,0.79353714
411,8018,0.880440593,0.79619354
412,8019,0.828192055,0.758786738
413,8021,0.82747215,0.755781174
414,8022,0.817036569,0.750361681
415,8023,0.868665159,0.78692311
416,8024,0.845082283,0.770161152
417,8026,0.878139794,0.795195103
418,8027,0.861741364,0.7852512
419,8028,0.839376569,0.767445028
420,8029,0.891955733,0.805606067
421,8030,0.840429068,0.766979694
422,8032,0.862865806,0.78332001
423,8033,0.858175635,0.780695021
424,8035,0.87837553,0.794474483
425,8036,0.880115211,0.796805441
426,8037,0.875237703,0.792080879
427,8038,0.829730153,0.758416176
428,8040,0.892733753,0.805802822
429,8041,0.851773322,0.77603364
430,8042,0.896026433,0.808826983
431,8043,0.893493891,0.806440949
432,8044,0.877395809,0.793515742
433,8045,0.881206036,0.797287762
434,8047,0.878492177,0.79594481
435,8048,0.880608559,0.797819078
436,8049,0.849634767,0.774672329
437,8050,0.877029479,0.792560816
438,8051,0.893466949,0.806942821
439,8052,0.857204914,0.780471027
440,8054,0.817006052,0.749232948
441,8056,0.856178403,0.779170394
442,8057,0.872999966,0.792460501
443,8058,0.877334654,0.795457661
444,8059,0.853776157,0.776337028
445,8060,0.879981697,0.796599865
446,8061,0.848773062,0.771810412
447,8062,0.838615596,0.766629338
448,8063,0.847652793,0.772931814
449,8064,0.854292929,0.77697295
450,8065,0.869687974,0.788538575
451,8066,0.885474384,0.800930858
452,8067,0.830626845,0.761312842
453,8068,0.870200813,0.787927032
454,8069,0.829559982,0.759602129
455,8071,0.861386597,0.780954957
456,8072,0.883219838,0.800532818
457,8073,0.871227324,0.792437136
458,8074,0.872183084,0.792020917
459,8075,0.875548959,0.792595267
460,8076,0.839761615,0.765762329
461,8077,0.869712889,0.788072109
462,8078,0.879051268,0.794962406
463,8079,0.869216502,0.78943944
464,8080,0.891880035,0.805323899
465,8081,0.871141374,0.788522899
466,8082,0.828006625,0.759683192
467,8084,0.877366364,0.794829905
468,8085,0.81180042,0.745710075
469,8086,0.869860768,0.78904289
470,8087,0.838919461,0.76625973
471,8088,0.841231227,0.767189324
472,8089,0.89236474,0.805663705
473,8090,0.823461294,0.752778351
474,8091,0.877572477,0.793699384
475,8092,0.86526531,0.78621769
476,8095,0.86683166,0.787680924
477,8096,0.862509489,0.781658411
478,8097,0.873197258,0.790359259
479,8098,0.872276843,0.78992945
480,8100,0.857819438,0.780655146
481,8101,0.82482928,0.754001737
482,8102,0.896974742,0.811055362
483,8103,0.877729952,0.793836832
484,8104,0.854981899,0.778734148
485,8105,0.817208827,0.75076437
486,8108,0.874353766,0.791935027
487,8109,0.863116384,0.784554482
488,8110,0.850683153,0.776706517
489,8111,0.872958779,0.793563426
490,8112,0.87766999,0.793925464
491,8113,0.896201611,0.80856657
492,8114,0.831344604,0.760048568
493,8115,0.830721319,0.757144749
494,8118,0.827564836,0.756454825
495,8120,0.881232202,0.795228004
496,8121,0.85136956,0.776828289
497,8122,0.843727589,0.768837214
498,8123,0.817151129,0.750828147
499,8124,0.885884166,0.800561428
500,8126,0.875351548,0.794279039
501,8127,0.845490038,0.770191014
502,8128,0.826464236,0.758510947
503,8131,0.839930177,0.765903175
504,8132,0.872457862,0.792093158
505,8134,0.830582976,0.759639084
506,8136,0.821827292,0.752960742
507,8137,0.817686141,0.749439538
508,8138,0.883307874,0.79833746
509,8140,0.881176472,0.798592627
510,8142,0.865492523,0.785547137
511,8145,0.831166208,0.759027481
512,8146,0.86813885,0.787163973
513,8147,0.858532906,0.781333029
514,8149,0.853050351,0.778622568
515,8150,0.865870595,0.787545204
516,8151,0.874373436,0.792571723
517,8152,0.879592419,0.796123683
518,8153,0.890566945,0.804468155
519,8155,0.869943917,0.788982272
520,8156,0.876774371,0.793911397
521,8157,0.893862545,0.805643857
522,8158,0.857672036,0.778541028
523,8159,0.849922895,0.772215545
524,8161,0.86815244,0.786928654
525,8162,0.873221993,0.791009545
526,8163,0.8643291,0.784521103
527,8165,0.889362931,0.803465366
528,8166,0.884786248,0.799815357
529,8167,0.857963681,0.779278338
530,8168,0.883009791,0.798788965
531,8169,0.863793552,0.784077108
532,8170,0.854541421,0.778726041
533,8171,0.88922739,0.803141415
534,8172,0.881237209,0.797367513
535,8174,0.875007749,0.792674899
536,8175,0.872031391,0.789641261
537,8178,0.846629024,0.773787379
538,8179,0.844734788,0.770244479
539,8180,0.873235703,0.788535774
540,8181,0.852927089,0.77706182
541,8182,0.826108634,0.755766094
542,8184,0.85920012,0.779737115
543,8185,0.874320388,0.791619837
544,8186,0.858174145,0.781332374
545,8187,0.857364237,0.780448794
546,8188,0.863769293,0.785811901
547,8189,0.845878541,0.772244573
548,8190,0.873980522,0.794080138
549,8191,0.844549477,0.769904256
550,8192,0.875718892,0.792355478
551,8193,0.859399974,0.780393481
552,8194,0.880665302,0.796693683
553,8195,0.84791714,0.77432543
554,8196,0.849770129,0.77323091
555,8197,0.820995033,0.753210783
556,8198,0.862661898,0.782894254
557,8199,0.877918363,0.793917656
558,8200,0.865484595,0.784574449
559,8201,0.850354016,0.772823393
560,8202,0.844478667,0.769541323
561,8205,0.828848124,0.758102715
562,8206,0.869676352,0.787911773
563,8207,0.866452992,0.787380338
564,8208,0.864049911,0.782750607
565,8209,0.882858992,0.799279034
566,8210,0.867786944,0.789209545
567,8211,0.875166774,0.79312712
568,8214,0.893525839,0.806394458
569,8215,0.852298498,0.776469231
570,8216,0.835360169,0.765090108
571,8217,0.834368885,0.761431634
572,8218,0.842720151,0.769967675
573,8219,0.85726124,0.777689278
574,8220,0.879314899,0.795363009
575,8221,0.829918921,0.760339022
576,8222,0.877902985,0.794009447
577,8224,0.874276102,0.794962943
578,8225,0.854727268,0.777319551
579,8226,0.87872529,0.796216547
580,8227,0.857798338,0.779894412
581,8228,0.866900086,0.7855708
582,8229,0.86127907,0.783004403
583,8230,0.858128607,0.780420482
584,8231,0.844006121,0.769784987
585,8233,0.876853943,0.79478091
586,8234,0.846373677,0.77154994
587,8235,0.839950562,0.768212616
588,8236,0.831277192,0.76116389
589,8238,0.83626008,0.763050675
590,8239,0.898956299,0.811740577
591,8240,0.835035503,0.76295352
592,8241,0.828942537,0.758533537
593,8243,0.877619267,0.79435569
594,8245,0.85014087,0.773062706
595,8246,0.843674958,0.7709741
596,8247,0.876591146,0.793190062
597,8249,0.856286347,0.778777778
598,8251,0.902726233,0.814554274
599,8252,0.827411532,0.757763624
600,8253,0.859700143,0.781295955
601,8254,0.866255701,0.786163151
602,8256,0.828044116,0.757343709
603,8259,0.847915292,0.772700131
604,8260,0.879515529,0.796168268
605,8261,0.857396603,0.778547525
606,8263,0.888854861,0.802147269
607,8265,0.870075464,0.790569365
608,8266,0.884129286,0.799571216
609,8267,0.867772996,0.786876798
610,8268,0.895670235,0.808249056
611,8269,0.882360041,0.7977736
612,8271,0.878540516,0.79464227
613,8272,0.868827701,0.789955139
614,8274,0.876566589,0.792856634
615,8275,0.872822702,0.791188419
616,8276,0.823262632,0.752921283
617,8277,0.864368677,0.783404469
618,8279,0.843351722,0.76764524
619,8280,0.873212278,0.7926929
620,8282,0.879672885,0.797604382
621,8283,0.851280272,0.774508357
622,8284,0.877124846,0.79415822
623,8286,0.875458062,0.79281944
624,8287,0.823235393,0.756169498
625,8288,0.892236769,0.805360556
626,8289,0.890178561,0.805220008
627,8290,0.826947689,0.755395949
628,8291,0.875028551,0.791641295
629,8292,0.860260487,0.782335401
630,8293,0.876751006,0.793550372
631,8294,0.875528574,0.792199969
632,8295,0.857523799,0.778813362
633,8296,0.890592873,0.805927098
634,8297,0.867356062,0.788038194
635,8299,0.849601507,0.774134994
636,8300,0.843827128,0.767828166
637,8301,0.823430538,0.75351727
638,8303,0.897865653,0.809811056
639,8304,0.880618453,0.796395302
640,8305,0.863823533,0.782967269
641,8306,0.85760498,0.778997123
642,8308,0.883732021,0.799908996
643,8309,0.861987412,0.782740951
644,8310,0.861897171,0.781130493
645,8311,0.814836919,0.74850601
646,8313,0.889599681,0.80341363
647,8314,0.858509958,0.781291604
648,8316,0.82784611,0.757628798
649,8317,0.871504724,0.788931847
650,8318,0.832169056,0.760061979
651,8319,0.829793632,0.759046555
652,8322,0.846118927,0.773202002
653,8323,0.872855544,0.791296899
654,8324,0.878522456,0.794451237
655,8325,0.877551198,0.793691754
656,8326,0.876126647,0.79396528
657,8327,0.823277354,0.753941894
658,8328,0.883251786,0.798226953
659,8329,0.830986083,0.75974071
660,8330,0.824765503,0.757341206
661,8331,0.856715679,0.780969799
662,8333,0.853983581,0.776967347
663,8334,0.887653828,0.802972794
664,8335,0.834738016,0.764415801
665,8336,0.829237938,0.75928551
666,8337,0.878235161,0.795255303
667,8338,0.888055742,0.803201199
668,8339,0.875520408,0.79354316
669,8341,0.847095847,0.771537423
670,8344,0.885973752,0.800823689
671,8345,0.858376563,0.781480491
672,8346,0.826011717,0.757185102
673,8347,0.869366527,0.787010729
674,8348,0.871044815,0.789398015
675,8349,0.885472655,0.798578084
676,8350,0.870177269,0.788794398
677,8351,0.881267369,0.798269987
678,8352,0.878247678,0.796385646
679,8353,0.871348381,0.7895509
680,8354,0.817418993,0.752851546
681,8355,0.876908779,0.793196857
682,8356,0.824598372,0.754766822
683,8357,0.87410748,0.79187113
684,8358,0.875820875,0.79230994
685,8359,0.835170925,0.764607072
686,8360,0.819003463,0.750813544
687,8361,0.840984225,0.766803384
688,8363,0.883341968,0.798996508
689,8364,0.894653559,0.807713628
690,8365,0.842709303,0.767846525
691,8366,0.864875436,0.784615636
692,8367,0.891429901,0.804983914
693,8368,0.839142382,0.764437675
694,8369,0.838659525,0.766481102
695,8371,0.880367935,0.797416091
696,8374,0.854837954,0.778024495
697,8375,0.832594037,0.762250304
698,8377,0.872673213,0.790541649
699,8378,0.877518475,0.794008672
700,8379,0.84535563,0.772042215
701,8380,0.865979671,0.786749959
702,8381,0.843230784,0.769782722
703,8382,0.840421081,0.767696857
704,8383,0.853741407,0.777879536
705,8384,0.87630266,0.794501007
706,8385,0.862689853,0.784550548
707,8386,0.85930723,0.778973818
708,8387,0.894177079,0.806866288
709,8389,0.85739094,0.780844152
710,8390,0.875786066,0.793203235
711,8394,0.867549062,0.786375165
712,8395,0.861487985,0.78243506
713,8396,0.830007792,0.758856893
714,8397,0.856193304,0.777745247
715,8398,0.839634895,0.767182112
716,8399,0.836871624,0.763784945
717,8400,0.864139616,0.78388685
718,8401,0.842231989,0.768686593
719,8402,0.835782826,0.763478994
720,8403,0.842413068,0.769815862
721,8405,0.816628218,0.750059724
722,8406,0.822386146,0.753978372
723,8407,0.891254365,0.804694176
724,8409,0.862430215,0.781466603
725,8410,0.851468325,0.775386214
726,8414,0.876699209,0.795988917
727,8415,0.858144343,0.781100333
728,8420,0.838834822,0.76643765
729,8421,0.846080959,0.771016896
730,8422,0.867259681,0.785857856
731,8423,0.825126588,0.755574405
732,8425,0.876105011,0.792452574
733,8426,0.862330854,0.785266817
734,8427,0.86575973,0.785674095
735,8428,0.848486185,0.773553252
736,8429,0.845861793,0.769848824
737,8430,0.880245745,0.796688437
738,8433,0.824580014,0.756702602
739,8434,0.823901415,0.753550589
740,8435,0.881554067,0.797638059
741,8436,0.899060667,0.810841858
742,8437,0.842028379,0.767638981
743,8438,0.873229444,0.790403724
744,8439,0.82731843,0.75811702
745,8441,0.8778283,0.794760764
746,8442,0.826825619,0.757622242
747,8443,0.850782514,0.775151789
748,8444,0.890321434,0.803908348
749,8446,0.847957671,0.772919536
750,8447,0.863383055,0.784639657
751,8448,0.866628766,0.78710413
752,8449,0.883408546,0.79914254
753,8451,0.876664042,0.793154657
754,8452,0.843797445,0.77037859
755,8453,0.878208756,0.792944312
756,8454,0.891219974,0.804867744
757,8455,0.877613187,0.793726027
758,8456,0.831747353,0.762007773
759,8458,0.875337958,0.792570889
760,8459,0.881995022,0.797024488
761,8461,0.875998735,0.793216527
762,8464,0.875987113,0.793274879
763,8465,0.856122971,0.779312015
764,8466,0.850988328,0.776116312
765,8468,0.833648384,0.76091063
766,8470,0.865553379,0.785237551
767,8471,0.866436362,0.785389483
768,8472,0.863781631,0.782868862
769,8473,0.868664563,0.788085461
770,8474,0.873710394,0.790793598
771,8475,0.857352495,0.778213859
772,8476,0.852022469,0.775473714
773,8477,0.891301513,0.804797411
774,8478,0.850527346,0.775189698
775,8479,0.862196922,0.784292161
776,8480,0.828037918,0.75722295
777,8481,0.829002559,0.759233177
778,8482,0.880600035,0.796734691
779,8485,0.845942795,0.770414233
780,8487,0.826828778,0.755369604
781,8488,0.889256001,0.803645432
782,8489,0.862680197,0.783385932
783,8491,0.833387136,0.762483716
784,8492,0.890093446,0.803908646
785,8493,0.868804812,0.78878969
786,8494,0.879226923,0.796875954
787,8495,0.862395287,0.782482564
788,8496,0.826195598,0.757464588
789,8497,0.814498246,0.74741286
790,8498,0.877968252,0.794242263
791,8499,0.868745565,0.787703693
792,8500,0.84904331,0.773279071
793,8503,0.862939835,0.784112215
794,8504,0.876642942,0.793627083
795,8505,0.875531793,0.792315602
796,8506,0.882882178,0.798614502
797,8507,0.889920652,0.803719997
798,8508,0.852741241,0.776660979
799,8509,0.863315344,0.783821285
800,8510,0.867749989,0.786819398
801,8512,0.83564049,0.765040576
802,8513,0.865673721,0.787105143
803,8514,0.857153773,0.779724479
804,8515,0.85559994,0.77766186
805,8516,0.880413711,0.797015727
806,8517,0.875502288,0.792258084
807,8518,0.828664601,0.759317577
808,8520,0.851244688,0.775957346
809,8521,0.868438005,0.787359178
810,8522,0.852355421,0.774938881
811,8525,0.869565129,0.788183212
812,8526,0.862346768,0.784545064
813,8529,0.8788656,0.795764089
814,8530,0.88800925,0.802226126
815,8531,0.873523831,0.791698456
816,8532,0.841208994,0.768312335
817,8535,0.883240402,0.798869669
818,8538,0.860128582,0.782122314
819,8542,0.828518033,0.756725252
820,8543,0.874321878,0.791423678
821,8544,0.839050889,0.766752362
822,8545,0.86629045,0.786569953
823,8546,0.838574111,0.76591897
824,8547,0.856315792,0.78096664
825,8549,0.854018867,0.77562952
826,8550,0.862835109,0.782011211
827,8551,0.820969701,0.752864301
828,8552,0.858786881,0.779695511
829,8553,0.896475732,0.808769464
830,8554,0.845715284,0.771028757
831,8556,0.88062191,0.796906054
832,8557,0.871778905,0.791024268
833,8558,0.889823675,0.802495718
834,8560,0.873639941,0.794399619
835,8561,0.897027373,0.809187055
836,8562,0.877035141,0.793157279
837,8563,0.877525389,0.793640316
838,8565,0.855793953,0.777259469
839,8566,0.853788853,0.777081609
840,8568,0.831890523,0.759706259
841,8572,0.828036666,0.756231606
842,8573,0.825095296,0.754377127
843,8575,0.830894828,0.759628534
844,8576,0.87599051,0.792487979
845,8577,0.892481446,0.805643559
846,8578,0.897910953,0.810844421
847,8579,0.845528781,0.769482493
848,8580,0.852886438,0.776557148
849,8581,0.874640465,0.792896152
850,8582,0.885692358,0.80081892
851,8583,0.890902579,0.804693282
852,8584,0.834227085,0.763176382
853,8585,0.808773994,0.743601501
854,8586,0.885486126,0.800668836
855,8587,0.839349627,0.766052783
856,8588,0.837714255,0.767185688
857,8590,0.870548189,0.788501263
858,8591,0.889378309,0.8042171
859,8592,0.849266052,0.774363577
860,8593,0.847694635,0.773327291
861,8594,0.88847369,0.802534938
862,8595,0.823021173,0.75237906
863,8596,0.882207096,0.799003065
864,8597,0.87093997,0.788848341
865,8598,0.832092166,0.761957049
866,8600,0.897680581,0.810068488
867,8601,0.857875645,0.779864907
868,8602,0.879188061,0.796438634
869,8603,0.834108353,0.762026548
870,8604,0.850218534,0.776754797
871,8605,0.89090699,0.805838168
872,8606,0.869344771,0.787407219
873,8607,0.90424782,0.815717101
874,8609,0.87910378,0.796321988
875,8611,0.871775031,0.789206684
876,8613,0.875131965,0.792430043
877,8614,0.876006544,0.793085456
878,8615,0.862971604,0.78407377
879,8616,0.844858468,0.770397544
880,8618,0.874297202,0.792280257
881,8619,0.877901495,0.793919921
882,8621,0.883700252,0.798833132
883,8622,0.876024544,0.79296422
884,8623,0.899226189,0.811091661
885,8624,0.876567245,0.793066025
886,8625,0.857712746,0.780186892
887,8628,0.856357932,0.778566301
888,8629,0.874561191,0.793889284
889,8630,0.875821173,0.793430746
890,8631,0.864030659,0.783764601
891,8632,0.816260397,0.751842976
892,8633,0.876824737,0.792996883
893,8635,0.852936685,0.77478981
894,8636,0.884168446,0.800992429
895,8637,0.875648558,0.791562319
896,8638,0.84656024,0.771851122
897,8640,0.852470279,0.77614826
898,8641,0.886807203,0.801559746
899,8642,0.835434496,0.762568057
900,8643,0.854999661,0.777623713
901,8644,0.860188067,0.779658198
902,8646,0.810489714,0.747588873
903,8647,0.852823079,0.776934981
904,8648,0.823307395,0.755046964
905,8649,0.882456005,0.79821676
906,8650,0.857671559,0.779096246
907,8652,0.853448868,0.777382612
908,8653,0.846429765,0.773456752
909,8654,0.872900069,0.7890324
910,8655,0.849598885,0.773187697
911,8657,0.867771327,0.787814736
912,8658,0.880663097,0.794739366
913,8659,0.834478319,0.762865841
914,8660,0.876969576,0.793310523
915,8661,0.829968512,0.76030916
916,8663,0.874080479,0.790990055
917,8664,0.847903848,0.771971583
918,8665,0.88586241,0.802362025
919,8667,0.870496929,0.788351774
920,8668,0.875759006,0.792486429
921,8669,0.849459112,0.772926211
922,8670,0.847795606,0.773407578
923,8671,0.872875571,0.791023374
924,8672,0.882753134,0.798283517
925,8673,0.838997722,0.76477915
926,8674,0.852273464,0.77759093
927,8676,0.836191833,0.765241623
928,8677,0.827123225,0.755483687
929,8678,0.880043328,0.795121968
930,8679,0.855114698,0.779174328
931,8680,0.880624294,0.79579699
932,8683,0.859800637,0.780877531
933,8684,0.86215055,0.783156276
934,8685,0.803545296,0.738851547
935,8687,0.83562535,0.76451844
936,8689,0.858743191,0.781840622
937,8691,0.876900375,0.793953598
938,8692,0.875804126,0.792272031
939,8693,0.852820516,0.776646197
940,8694,0.827498615,0.757295847
941,8695,0.870850027,0.79055208
942,8696,0.86043644,0.78061825
943,8698,0.863664329,0.784061193
944,8700,0.875586927,0.792477012
945,8701,0.82737571,0.756707013
946,8702,0.862551868,0.783637285
947,8704,0.827058375,0.755474329
948,8705,0.894132435,0.807028949
949,8708,0.867765248,0.786933184
950,8709,0.883042693,0.799648702
951,8710,0.895267904,0.807970583
952,8711,0.898337662,0.810034454
953,8713,0.872700274,0.79041642
954,8714,0.882444978,0.797979772
955,8717,0.873246849,0.791221678
956,8718,0.899323344,0.810935438
957,8719,0.864195704,0.785928547
958,8720,0.877947748,0.79269582
959,8722,0.868708313,0.787503719
960,8723,0.887116849,0.802769959
961,8724,0.862707198,0.785366535
962,8725,0.854033351,0.777879179
963,8726,0.88814199,0.802595437
964,8727,0.878967166,0.795693636
965,8729,0.878015161,0.794213772
966,8730,0.871702254,0.791267157
967,8731,0.814529002,0.747620285
968,8732,0.882554948,0.799494147
969,8733,0.871149004,0.789092958
970,8734,0.83523035,0.764600217
971,8735,0.871600986,0.7895329
972,8736,0.879576802,0.796114743
973,8738,0.879267752,0.797131896
974,8739,0.84320581,0.768917859
975,8740,0.882977664,0.798686206
976,8741,0.850568891,0.774097919
977,8742,0.852618039,0.775846601
978,8743,0.860538602,0.783050478
979,8744,0.876479924,0.793894053
980,8746,0.866450548,0.784932971
981,8748,0.84161377,0.76622659
982,8749,0.832676768,0.761207044
983,8750,0.860196352,0.780427754
984,8751,0.844339371,0.769995928
985,8752,0.829779983,0.760749578
986,8753,0.881980419,0.797192097
987,8754,0.8964746,0.808695793
988,8755,0.869066298,0.788621008
989,8756,0.885081351,0.80196929
990,8757,0.882417738,0.799648285
991,8758,0.847241938,0.770473123
992,8759,0.862545907,0.782683671
993,8760,0.856488049,0.779201508
994,8762,0.85501653,0.779782057
995,8763,0.832952619,0.762607992
996,8764,0.859100282,0.780663133
997,8765,0.83606708,0.763604701
998,8766,0.847504497,0.771421492
999,8768,0.860113084,0.783186674
1000,8770,0.899571538,0.811130345
1001,8771,0.902996063,0.812461317
1002,8772,0.87172085,0.791554272
1003,8774,0.847484589,0.770546615
1004,8775,0.874691248,0.791782379
1005,8776,0.868759334,0.786982715
1006,8778,0.875010669,0.792014182
1007,8779,0.871380031,0.792219102
1008,8780,0.873369157,0.792589486
1009,8781,0.833009124,0.7615906
1010,8782,0.869150519,0.789891422
1011,8783,0.89797461,0.809824765
1012,8784,0.827986956,0.756376028
1013,8785,0.826379955,0.758291841
1014,8786,0.86550945,0.785353243
1015,8788,0.877721369,0.793789208
1016,8789,0.886744618,0.801515818
1017,8790,0.880898833,0.79693234
1018,8791,0.87436074,0.793683767
1019,8792,0.848279655,0.774949014
1020,8794,0.85370785,0.779193521
1021,8795,0.856167138,0.779208362
1022,8796,0.8793841,0.795277953
1023,8797,0.874375045,0.79365772
1024,8799,0.862203062,0.783417046
1025,8800,0.861432493,0.783445835
1026,8802,0.877832413,0.794193149
1027,8803,0.858603716,0.780144036
1028,8804,0.877834737,0.79573679
1029,8805,0.883273959,0.799002349
1030,8806,0.8564502,0.779951811
1031,8807,0.851047039,0.773842931
1032,8808,0.819348216,0.751835406
1033,8810,0.848567963,0.773995936
1034,8811,0.854301035,0.777963221
1035,8813,0.823065817,0.75256896
1036,8814,0.834554672,0.761847556
1037,8815,0.882912457,0.798439384
1038,8816,0.878874362,0.795870125
1039,8817,0.864961207,0.784092128
1040,8818,0.858552039,0.780919194
1041,8819,0.850019872,0.773859859
1042,8820,0.84789151,0.773894489
1043,8821,0.878639221,0.79489857
1044,8822,0.878819644,0.795598507
1045,8825,0.856266499,0.777442276
1046,8826,0.850486338,0.77275902
1047,8827,0.876941979,0.792515695
1048,8828,0.873342991,0.792570472
1049,8829,0.851531506,0.775336266
1050,8830,0.885525644,0.801580369
1051,8833,0.869614482,0.787179708
1052,8834,0.885117948,0.800234497
1053,8835,0.858946741,0.780820131
1054,8837,0.870897532,0.788921475
1055,8838,0.858411312,0.781429291
1056,8840,0.877478719,0.793705821
1057,8842,0.872127116,0.791872978
1058,8843,0.870867431,0.789918005
1059,8845,0.855391622,0.777542233
1060,8846,0.84140259,0.767424107
1061,8849,0.844152629,0.768156469
1062,8851,0.856782734,0.77763176
1063,8852,0.865828335,0.786975026
1064,8853,0.859310806,0.779678345
1065,8855,0.828443646,0.758902729
1066,8856,0.868454158,0.788417697
1067,8858,0.864199877,0.783872426
1068,8859,0.830154657,0.758996606
1069,8860,0.86790204,0.78732574
1070,8861,0.879517674,0.795786083
1071,8862,0.880407333,0.797340095
1072,8863,0.886203349,0.802181363
1073,8865,0.844094276,0.770482719
1074,8866,0.895706475,0.808053315
1075,8868,0.873925328,0.793349385
1076,8869,0.838365376,0.766359985
1077,8870,0.848078966,0.774000704
1078,8871,0.875875115,0.792430758
1079,8872,0.856545508,0.776510656
1080,8873,0.858423054,0.780872047
1081,8874,0.819492102,0.753433168
1082,8875,0.850351691,0.774498761
1083,8876,0.884616971,0.80062443
1084,8877,0.898557544,0.810225129
1085,8878,0.862901032,0.784415603
1086,8879,0.878485441,0.794852018
1087,8881,0.823804557,0.756398559
1088,8883,0.892477691,0.80552429
1089,8885,0.863627017,0.78238976
1090,8887,0.87754494,0.793908358
1091,8888,0.847073317,0.772071123
1092,8889,0.855331004,0.77807188
1093,8890,0.854900897,0.7785514
1094,8891,0.875207365,0.792621791
1095,8892,0.877398551,0.794143617
1096,8893,0.858716428,0.780938447
1097,8894,0.856098175,0.778854489
1098,8895,0.85134697,0.775512159
1099,8896,0.881122828,0.798133373
1100,8897,0.859866381,0.78077358
1101,8900,0.868367732,0.787625849
1102,8902,0.869906068,0.788200736
1103,8903,0.831707537,0.762497962
1104,8904,0.846114874,0.770883381
1105,8905,0.831648409,0.76126343
1106,8906,0.861836553,0.782580853
1107,8907,0.877070129,0.794410825
1108,8909,0.876655757,0.794140577
1109,8910,0.871895134,0.791467249
1110,8911,0.875850022,0.793765426
1111,8912,0.870040655,0.788251638
1112,8913,0.827613771,0.755865872
1113,8914,0.867147386,0.786149621
1114,8915,0.892887771,0.806307852
1115,8916,0.879196823,0.795156777
1116,8918,0.862266779,0.781648755
1117,8920,0.857593179,0.779038966
1118,8923,0.87043345,0.789764106
1119,8924,0.867615163,0.786756456
1120,8926,0.832880378,0.761209607
1121,8928,0.807298899,0.742269635
1122,8929,0.879010797,0.794141054
1123,8930,0.875856698,0.792899787
1124,8931,0.861267805,0.781971693
1125,8932,0.856897712,0.777945697
1126,8933,0.847204387,0.774867594
1127,8934,0.859839499,0.780743122
1128,8935,0.842644751,0.767124474
1129,8937,0.864739895,0.784792721
1130,8938,0.854172826,0.777775466
1131,8940,0.858879268,0.780658185
1132,8942,0.861242712,0.781867862
1133,8944,0.879163384,0.795877695
1134,8945,0.885850012,0.800318658
1135,8946,0.87697798,0.794255972
1136,8948,0.842847347,0.76876682
1137,8949,0.892265618,0.805872262
1138,8950,0.889557481,0.804106772
1139,8952,0.861576557,0.784172237
1140,8953,0.841117144,0.766229093
1141,8954,0.864600539,0.787283242
1142,8955,0.825282216,0.756639481
1143,8956,0.823694646,0.753193021
1144,8957,0.854719818,0.77522856
1145,8959,0.801650763,0.738427043
1146,8960,0.874943197,0.791056097
1147,8961,0.873077452,0.792601526
1148,8962,0.815664828,0.749399483
1149,8963,0.860379577,0.779704869
1150,8964,0.8599751,0.781998813
1151,8965,0.857512116,0.779724896
1152,8967,0.861180484,0.780896068
1153,8968,0.890737414,0.804711401
1154,8969,0.881557286,0.795737743
1155,8970,0.873212039,0.789762914
1156,8972,0.87618351,0.793681264
1157,8973,0.865376532,0.786724746
1158,8974,0.882009506,0.795838654
1159,8976,0.850461483,0.774197042
1160,8977,0.832260609,0.762143791
1161,8978,0.881764472,0.795695901
1162,8979,0.874527216,0.792033315
1163,8980,0.852215052,0.774739921
1164,8981,0.875319541,0.791774273
1165,8983,0.886060178,0.800797284
1166,8984,0.874300539,0.791067421
1167,8985,0.880761206,0.796681225
1168,8986,0.843776882,0.769790053
1169,8987,0.823599458,0.754463315
1170,8988,0.880156279,0.795656443
1171,8989,0.879520297,0.795782804
1172,8990,0.855935633,0.781083524
1173,8992,0.878300667,0.796622276
1174,8994,0.873328686,0.792610705
1175,8995,0.877047956,0.793259144
1176,8997,0.885422945,0.801830828
1177,8998,0.876196146,0.792515814
1178,8999,0.841560185,0.765863061
1179,9000,0.903310776,0.815412998
1180,9001,0.863057256,0.783032358
1181,9003,0.847238898,0.772253036
1182,9004,0.834792972,0.761603355
1183,9005,0.865190387,0.784836888
1184,9006,0.866900504,0.786896169
1185,9007,0.849262893,0.774527669
1186,9008,0.845093191,0.772479713
1187,9009,0.869975507,0.790382266
1188,9010,0.88236326,0.798331797
1189,9011,0.879588366,0.795225263
1190,9012,0.857689559,0.779415607
1191,9013,0.873075426,0.790322304
1192,9014,0.831771493,0.759551764
1193,9016,0.856665492,0.777949274
1194,9017,0.860212445,0.782423496
1195,9018,0.869321108,0.787951946
1196,9020,0.86638099,0.784719527
1197,9022,0.874830782,0.791392267
1198,9025,0.888034821,0.802306235
1199,9026,0.862189651,0.785458684
1200,9027,0.899801075,0.811812699
1201,9028,0.852502406,0.774805963
1202,9031,0.879042327,0.794330776
1203,9032,0.892944217,0.805978
1204,9033,0.880606711,0.796855688
1205,9034,0.868413091,0.787906706
1206,9035,0.85945487,0.782053292
1207,9037,0.854492426,0.779688358
1208,9038,0.840231895,0.766230226
1209,9039,0.875967145,0.793997705
1210,9041,0.881427348,0.795915484
1211,9042,0.841747284,0.768800378
1212,9044,0.841510236,0.769341528
1213,9045,0.861329496,0.782638013
1214,9047,0.829223573,0.757952332
1215,9048,0.865489542,0.785906076
1216,9050,0.896654367,0.808772981
1217,9052,0.891534626,0.805310249
1218,9053,0.892271936,0.80540508
1219,9055,0.869542837,0.788426399
1220,9056,0.828123391,0.757914841
1221,9057,0.826404035,0.756042302
1222,9058,0.873904467,0.793144166
1223,9059,0.853010356,0.776755154
1224,9060,0.871022463,0.788871646
1225,9061,0.892530501,0.806131482
1226,9063,0.857181489,0.778567314
1227,9064,0.878928363,0.79546988
1228,9065,0.875673592,0.792329013
1229,9066,0.836949706,0.764219761
1230,9067,0.863027751,0.78380537
1231,9068,0.856483102,0.77943027
1232,9069,0.829226673,0.760536551
1233,9070,0.868678272,0.78845346
1234,9071,0.870994091,0.791822731
1235,9072,0.831185281,0.760401309
1236,9073,0.828152716,0.757345557
1237,9074,0.890540242,0.804324865
1238,9075,0.877333522,0.793510675
1239,9076,0.830598533,0.761688232
1240,9078,0.878157794,0.794116735
1241,9079,0.873441517,0.792078793
1242,9082,0.878328681,0.794455528
1243,9083,0.876434147,0.793809175
1244,9084,0.882865608,0.799917996
1245,9086,0.865865529,0.78490454
1246,9088,0.895450771,0.807879329
1247,9089,0.896944642,0.809069753
1248,9090,0.872253239,0.790365458
1249,9091,0.832617998,0.762712061
1250,9092,0.826896012,0.757983029
1251,9093,0.877446949,0.794122934
1252,9094,0.877502739,0.794783711
1253,9095,0.871479034,0.788975537
1254,9096,0.869469345,0.789852083
1255,9097,0.893337429,0.806377649
1256,9098,0.889975786,0.803770602
1257,9100,0.885131359,0.800323784
1258,9101,0.882199585,0.797861338
1259,9102,0.848614872,0.773445904
1260,9103,0.833737135,0.76202035
1261,9105,0.866123915,0.786568284
1262,9106,0.888498068,0.804006755
1263,9107,0.896417797,0.808537304
1264,9108,0.867645383,0.787163258
1265,9109,0.847219706,0.770868719
1266,9110,0.876524985,0.795160234
1267,9112,0.877987385,0.79430604
1268,9113,0.822568655,0.755407989
1269,9114,0.87753135,0.79455924
1270,9115,0.877029836,0.794684649
1271,9116,0.820984006,0.751978159
1272,9117,0.868812978,0.787686586
1273,9118,0.834678054,0.764159501
1274,9119,0.873605967,0.790569961
1275,9120,0.850496411,0.774612725
1276,9121,0.878223121,0.797181666
1277,9123,0.862206638,0.782267928
1278,9125,0.837082922,0.764999926
1279,9127,0.826671839,0.755173743
1280,9128,0.87775141,0.795639336
1281,9130,0.863061965,0.784326017
1282,9131,0.875087976,0.791827917
1283,9132,0.858804286,0.779461265
1284,9133,0.83002609,0.760078371
1285,9134,0.850761175,0.775210798
1286,9135,0.895160854,0.807632923
1287,9137,0.864334106,0.783352077
1288,9138,0.853277087,0.776408434
1289,9139,0.83464092,0.763312936
1290,9140,0.873160958,0.791407466
1291,9141,0.891005695,0.80441314
1292,9142,0.854808569,0.776896298
1293,9143,0.878100276,0.796347201
1294,9145,0.847007871,0.772283316
1295,9147,0.854857922,0.777296603
1296,9150,0.869871795,0.788760483
1297,9151,0.852639019,0.776622891
1298,9152,0.883736193,0.800542414
1299,9153,0.833107948,0.760716438
1300,9155,0.852598846,0.776686847
1301,9157,0.879780769,0.797187984
1302,9158,0.866899014,0.786890209
1303,9159,0.858373642,0.780503452
1304,9160,0.896031082,0.808291376
1305,9162,0.865190446,0.783839226
1306,9163,0.845990121,0.772070587
1307,9165,0.854914665,0.778301358
1308,9166,0.877963364,0.794817328
1309,9167,0.867656887,0.787513673
1310,9168,0.87663722,0.792947054
1311,9169,0.861614645,0.783846676
1312,9170,0.878492296,0.794720113
1313,9171,0.839468122,0.768006146
1314,9172,0.853032529,0.774315894
1315,9174,0.832629085,0.759928763
1316,9175,0.848882377,0.77343452
1317,9176,0.854942739,0.776029706
1318,9177,0.851938009,0.775689244
1319,9179,0.861937106,0.781037629
1320,9180,0.869326711,0.789737403
1321,9181,0.878697276,0.793294787
1322,9183,0.861807942,0.782149196
1323,9184,0.814079225,0.747334957
1324,9185,0.878832936,0.795787215
1325,9186,0.855327904,0.780312598
1326,9187,0.863514781,0.782440245
1327,9188,0.870670497,0.789403379
1328,9190,0.868835926,0.790048897
1329,9191,0.848235667,0.771534979
1330,9192,0.865123868,0.785258949
1331,9193,0.887514353,0.801938176
1332,9194,0.900895834,0.812803864
1333,9197,0.88978827,0.803881407
1334,9198,0.876610816,0.79425925
1335,9202,0.865619361,0.784489453
1336,9203,0.851641774,0.772862852
1337,9204,0.895217061,0.807708561
1338,9205,0.860782564,0.781382501
1339,9206,0.82851696,0.760165274
1340,9207,0.854772151,0.778412819
1341,9208,0.861597419,0.782353282
1342,9209,0.834225833,0.761907041
1343,9210,0.896499038,0.808702886
1344,9211,0.860013068,0.782857716
1345,9212,0.873010814,0.793192089
1346,9213,0.857438803,0.780474246
1347,9214,0.8949278,0.807648003
1348,9215,0.843616307,0.770585597
1349,9216,0.853518009,0.778973699
1350,9217,0.804756641,0.740360677
1351,9218,0.827325225,0.757369637
1352,9219,0.858543813,0.779894888
1353,9220,0.868065119,0.788237393
1354,9221,0.88399893,0.800345421
1355,9222,0.851098955,0.775597453
1356,9223,0.853874445,0.776836276
1357,9224,0.892005146,0.806451201
1358,9225,0.852233231,0.776123047
1359,9226,0.861079216,0.780418932
1360,9227,0.84352529,0.768408954
1361,9228,0.848168075,0.770026982
1362,9229,0.857650042,0.778973937
1363,9230,0.856059015,0.777822673
1364,9231,0.846944988,0.772728145
1365,9232,0.867554843,0.788864434
1366,9234,0.87328285,0.7939623
1367,9235,0.851697445,0.775556505
1368,9236,0.854892313,0.77704978
1369,9239,0.829934955,0.759905994
1370,9240,0.866000235,0.78684777
1371,9241,0.874063492,0.792017162
1372,9242,0.883580565,0.800505579
1373,9243,0.853870511,0.775029123
1374,9245,0.833403647,0.762469769
1375,9246,0.870808184,0.788682699
1376,9247,0.864640057,0.785217583
1377,9248,0.87441045,0.793381035
1378,9249,0.870444179,0.78884685
1379,9250,0.823192477,0.752674937
1380,9251,0.875112176,0.79357785
1381,9252,0.873754382,0.793072581
1382,9253,0.854173303,0.775343597
1383,9254,0.897045255,0.809173703
1384,9255,0.874385595,0.792240858
1385,9256,0.834651768,0.76172483
1386,9257,0.826936364,0.755336285
1387,9258,0.802457154,0.739189804
1388,9259,0.862526894,0.783904552
1389,9260,0.863817811,0.783706784
1390,9261,0.872315228,0.790106356
1391,9262,0.887634397,0.802309215
1392,9263,0.865716338,0.784768701
1393,9266,0.881803215,0.797793031
1394,9268,0.878889024,0.795318902
1395,9269,0.863886237,0.784321487
1396,9270,0.856130838,0.778797507
1397,9271,0.893682659,0.806566417
1398,9273,0.884030044,0.800186038
1399,9275,0.829847395,0.757749796
1400,9276,0.875255764,0.794342816
1401,9277,0.848840117,0.774719894
1402,9278,0.868385315,0.787590861
1403,9280,0.886194885,0.801840961
1404,9282,0.876437366,0.793793499
1405,9283,0.84986043,0.772169888
1406,9284,0.859435618,0.78178376
1407,9288,0.872809768,0.791805863
1408,9289,0.878318369,0.793298602
1409,9290,0.868428588,0.786566436
1410,9291,0.833035588,0.763166964
1411,9292,0.85487479,0.774598479
1412,9293,0.815775871,0.748627186
1413,9294,0.867509067,0.787035942
1414,9295,0.848534226,0.77273649
1415,9296,0.877508163,0.794745088
1416,9297,0.881040573,0.797096789
1417,9298,0.872272611,0.789955616
1418,9299,0.824454308,0.755458653
1419,9300,0.881190777,0.796882987
1420,9301,0.870676219,0.78940165
1421,9302,0.855872333,0.778835058
1422,9303,0.878475904,0.794445336
1423,9304,0.860210776,0.780227482
1424,9305,0.838981092,0.767385781
1425,9307,0.877752721,0.795316041
1426,9309,0.885171235,0.801480412
1427,9310,0.854201317,0.778626263
1428,9311,0.850903988,0.773823023
1429,9312,0.864863396,0.784953237
1430,9313,0.881986439,0.798103273
1431,9315,0.873420298,0.790192783
1432,9316,0.839245021,0.766667008
1433,9317,0.814735949,0.747995019
1434,9318,0.859329402,0.780561984
1435,9319,0.871536314,0.789342701
1436,9321,0.869308412,0.788387954
1437,9322,0.855951071,0.776550412
1438,9323,0.847551942,0.772490084
1439,9324,0.836642027,0.765246034
1440,9327,0.877091885,0.794979453
1441,9328,0.889043033,0.80428499
1442,9329,0.850420773,0.774304152
1443,9330,0.869586945,0.788699746
1444,9331,0.826189756,0.757398307
1445,9333,0.881724954,0.799868345
1446,9334,0.826731801,0.755208731
1447,9335,0.857461274,0.780276239
1448,9337,0.831054747,0.760011733
1449,9339,0.858954728,0.781968713
1450,9341,0.874347031,0.791794002
1451,9342,0.834265947,0.760992289
1452,9343,0.872524083,0.790493906
1453,9344,0.864577889,0.785672903
1454,9345,0.874716103,0.793614328
1455,9347,0.868416667,0.788027942
1456,9348,0.903313875,0.812726557
1457,9349,0.859351099,0.780588567
1458,9350,0.875803232,0.792818487
1459,9353,0.881476521,0.795527279
1460,9354,0.859019518,0.779888749
1461,9356,0.877279758,0.794543684
1462,9357,0.894020617,0.807927907
1463,9358,0.88058275,0.799337804
1464,9359,0.864043951,0.783902466
1465,9360,0.869884431,0.788341939
1466,9361,0.868130744,0.790220678
1467,9362,0.874929607,0.791652501
1468,9365,0.875760019,0.792205155
1469,9366,0.875992119,0.792440057
1470,9367,0.859371006,0.780941904
1471,9368,0.86005336,0.783253908
1472,9369,0.869003952,0.787268937
1473,9370,0.875965476,0.792455077
1474,9371,0.89495784,0.807932675
1475,9372,0.861631632,0.782419026
1476,9373,0.850867271,0.77463758
1477,9374,0.872511864,0.789080799
1478,9375,0.866151154,0.78599
1479,9376,0.872067273,0.791613698
1480,9377,0.887715816,0.802464783
1481,9379,0.881090939,0.797830164
1482,9380,0.846776426,0.771189153
1483,9381,0.884146929,0.800685704
1484,9382,0.877845824,0.794805348
1485,9385,0.864559948,0.78673327
1486,9386,0.869114816,0.788155377
1487,9387,0.879898489,0.79554981
1488,9388,0.899407029,0.81100899
1489,9389,0.842159808,0.765913785
1490,9390,0.865941405,0.784644186
1491,9391,0.879720747,0.79629916
1492,9392,0.832761586,0.763200819
1493,9393,0.854827583,0.777604699
1494,9394,0.878134966,0.794442058
1495,9395,0.825842202,0.755639791
1496,9396,0.835909665,0.763143718
1497,9397,0.835203528,0.764167786
1498,9398,0.85029453,0.775518119
1499,9399,0.896846592,0.80889231
1500,9400,0.8645491,0.785800934
1501,9402,0.880282462,0.797267079
1502,9403,0.827273667,0.757529259
1503,9404,0.880437255,0.7971524
1504,9405,0.848812103,0.773830712
1505,9406,0.850672305,0.774489343
1506,9407,0.894640744,0.807342947
1507,9408,0.879092097,0.795594513
1508,9409,0.845039725,0.769340396
1509,9412,0.879204452,0.79510659
1510,9414,0.875010312,0.791968107
1511,9415,0.877426386,0.797013044
1512,9416,0.875009537,0.792459428
1513,9417,0.831733525,0.759391367
1514,9419,0.896670759,0.808798015
1515,9420,0.865008473,0.7853387
1516,9421,0.888091087,0.802366376
1517,9422,0.841852844,0.768904686
1518,9423,0.854699552,0.778116941
1519,9424,0.852849066,0.774343729
1520,9425,0.815109193,0.74786818
1521,9426,0.894193113,0.806992888
1522,9427,0.822066545,0.751810074
1523,9428,0.879998505,0.795606613
1524,9430,0.895449102,0.808122039
1525,9431,0.851285398,0.775737584
1526,9432,0.86345011,0.785061061
1527,9433,0.872455657,0.790970266
1528,9434,0.862566352,0.783058643
1529,9435,0.80556643,0.74421221
1530,9437,0.847009838,0.772080302
1531,9438,0.905869842,0.81722337
1532,9439,0.866082311,0.785491467
1533,9440,0.831941068,0.762300551
1534,9441,0.845157087,0.771028876
1535,9443,0.863324106,0.783204377
1536,9445,0.874126375,0.789974511
1537,9446,0.8726843,0.791508079
1538,9448,0.886614978,0.801242888
1539,9449,0.894185245,0.806833982
1540,9450,0.84449333,0.769666076
1541,9451,0.850873768,0.773789763
1542,9452,0.85494715,0.776542008
1543,9453,0.883100569,0.798248589
1544,9454,0.835554838,0.76465255
1545,9455,0.851120591,0.773361862
1546,9456,0.896498382,0.808801889
1547,9457,0.857581556,0.779730022
1548,9460,0.896428823,0.807941794
1549,9461,0.892126799,0.805336237
1550,9462,0.832964957,0.760341942
1551,9463,0.878653347,0.794763029
1552,9464,0.875285327,0.792680979
1553,9465,0.858550251,0.780840993
1554,9466,0.860550702,0.782057583
1555,9468,0.848178208,0.77298528
1556,9469,0.886696041,0.801650524
1557,9470,0.83724308,0.766278803
1558,9472,0.878930986,0.795748115
1559,9473,0.843976319,0.770518243
1560,9474,0.857704401,0.779249609
1561,9475,0.876356065,0.793442965
1562,9476,0.872224152,0.789999306
1563,9477,0.855307162,0.774933338
1564,9478,0.893336296,0.806497395
1565,9479,0.841946542,0.768747687
1566,9480,0.886172533,0.801761091
1567,9481,0.844416857,0.769168496
1568,9483,0.87288481,0.789880753
1569,9484,0.858590126,0.779427111
1570,9485,0.839528561,0.764719546
1571,9486,0.884629786,0.799475491
1572,9487,0.877492666,0.793290496
1573,9488,0.8696841,0.787816167
1574,9490,0.815984309,0.748917758
1575,9492,0.809808493,0.744231462
1576,9493,0.876430273,0.79444176
1577,9495,0.830535412,0.759873688
1578,9496,0.814354002,0.747465432
1579,9497,0.875175476,0.791692674
1580,9499,0.843331039,0.769360662
1581,9500,0.856489122,0.778164804
1582,9501,0.857654274,0.779712081
1583,9502,0.834975898,0.764698923
1584,9503,0.89019829,0.80406189
1585,9504,0.868480206,0.787346363
1586,9505,0.833795369,0.762425601
1587,9506,0.825573862,0.754926264
1588,9507,0.886042595,0.802087069
1589,9508,0.857777357,0.780295134
1590,9509,0.887691617,0.802702963
1591,9510,0.84439218,0.76971966
1592,9511,0.873017371,0.792252719
1593,9512,0.831443846,0.762346745
1594,9513,0.895984232,0.808297932
1595,9515,0.880720317,0.796657503
1596,9516,0.835491657,0.764461637
1597,9517,0.861809015,0.781639755
1598,9518,0.880157709,0.795770466
1599,9519,0.859212935,0.780230403
1600,9521,0.874677479,0.791518331
1601,9522,0.823215187,0.756069005
1602,9523,0.857865036,0.779308379
1603,9524,0.84472096,0.771301687
1604,9525,0.84178251,0.768552363
1605,9526,0.872512043,0.790547132
1606,9527,0.873735607,0.791253746
1607,9528,0.845501781,0.770492613
1608,9529,0.876953125,0.794620931
1609,9530,0.849502087,0.773135483
1610,9531,0.827447891,0.758381724
1611,9532,0.80925864,0.743109286
1612,9533,0.88944602,0.805229604
1613,9534,0.891307354,0.804712415
1614,9535,0.819864035,0.751251161
1615,9536,0.863776743,0.784702599
1616,9537,0.891216099,0.804646194
1617,9538,0.843232691,0.767413855
1618,9541,0.849386275,0.772208929
1619,9542,0.829348087,0.757393897
1620,9543,0.871513247,0.791466832
1621,9544,0.842406809,0.768936336
1622,9545,0.880524337,0.797350824
1623,9546,0.852073073,0.776294589
1624,9547,0.863409102,0.783649862
1625,9548,0.854718685,0.775960565
1626,9549,0.836627066,0.764926672
1627,9550,0.869402409,0.787914932
1628,9551,0.86881721,0.788790405
1629,9552,0.869108856,0.789221883
1630,9553,0.861698627,0.783056915
1631,9554,0.883584261,0.800773978
1632,9555,0.878690064,0.795703232
1633,9556,0.858708322,0.780532658
1634,9557,0.879146516,0.795467377
1635,9558,0.815773785,0.751352072
1636,9559,0.883142412,0.798652649
1637,9560,0.823133528,0.752468944
1638,9561,0.86672771,0.786928713
1639,9562,0.873754382,0.792863011
1640,9564,0.85914427,0.781961679
1641,9565,0.87876159,0.794682801
1642,9566,0.892956614,0.805902004
1643,9567,0.878522754,0.795219064
1644,9568,0.863806248,0.782571793
1645,9571,0.847130716,0.77279377
1646,9572,0.82576865,0.7576859
1647,9573,0.879522443,0.79580313
1648,9574,0.862004161,0.78269136
1649,9575,0.875269294,0.791825235
1650,9576,0.827771366,0.757015049
1651,9577,0.865517616,0.785343826
1652,9582,0.869480252,0.789699614
1653,9583,0.854381025,0.777676105
1654,9584,0.868297219,0.787072837
1655,9585,0.859599948,0.782813668
1656,9586,0.876541197,0.793901384
1657,9587,0.850059211,0.775357306
1658,9588,0.87303406,0.792479992
1659,9589,0.873574972,0.790971518
1660,9590,0.862368584,0.783984601
1661,9591,0.878682733,0.79734242
1662,9592,0.855997622,0.777011693
1663,9593,0.833019197,0.762350202
1664,9595,0.895373523,0.807886183
1665,9596,0.894401968,0.807851791
1666,9598,0.850102544,0.774217069
1667,9599,0.851557612,0.774826586
1668,9600,0.853317022,0.774977565
1669,9601,0.886911154,0.801121235
1670,9602,0.85931474,0.780388296
1671,9604,0.857608318,0.779443324
1672,9605,0.849438965,0.773955941
1673,9606,0.834129989,0.764235139
1674,9607,0.849364102,0.773864627
1675,9608,0.851336241,0.773601115
1676,9609,0.872097611,0.790390432
1677,9610,0.849998355,0.775139868
1678,9611,0.872591197,0.789627492
1679,9612,0.809142828,0.742910087
1680,9613,0.831077039,0.760024905
1681,9614,0.851699829,0.775952816
1682,9615,0.864301205,0.784476876
1683,9618,0.859185517,0.780348003
1684,9619,0.878472567,0.79518044
1685,9620,0.839170277,0.766007602
1686,9621,0.829257786,0.757450223
1687,9623,0.828820407,0.757089376
1688,9624,0.849199295,0.773640156
1689,9625,0.892092586,0.805674791
1690,9627,0.881045461,0.796843529
1691,9628,0.833641469,0.761433125
1692,9630,0.871676803,0.789859831
1693,9631,0.874257326,0.793614328
1694,9632,0.83864671,0.76771903
1695,9633,0.890632868,0.804191828
1696,9634,0.826498032,0.758230805
1697,9635,0.859802783,0.780592144
1698,9636,0.867171228,0.786824465
1699,9637,0.878561974,0.794522762
1700,9638,0.877267003,0.795475483
1701,9639,0.827220321,0.756517351
1702,9640,0.827207863,0.755543411
1703,9641,0.866791785,0.786552429
1704,9642,0.87191987,0.790676117
1705,9643,0.893694937,0.806610107
1706,9645,0.85419935,0.775815129
1707,9646,0.846317351,0.771754861
1708,9647,0.833441794,0.761493504
1709,9648,0.843057156,0.768784225
1710,9649,0.858983696,0.780744433
1711,9650,0.859108388,0.781435549
1712,9651,0.891584814,0.80506438
1713,9652,0.825702131,0.756058812
1714,9653,0.853328526,0.777047515
1715,9654,0.815916717,0.749037683
1716,9655,0.876318693,0.792783558
1717,9656,0.844260693,0.770119786
1718,9657,0.853063405,0.776194215
1719,9658,0.827871501,0.758556485
1720,9659,0.879884422,0.795693636
1721,9660,0.871482909,0.791353405
1722,9661,0.832837403,0.762533844
1723,9662,0.892867208,0.80586648
1724,9663,0.827433169,0.755739093
1725,9665,0.852530003,0.774707437
1726,9667,0.877891719,0.793849647
1727,9668,0.840468764,0.766175687
1728,9670,0.874725699,0.791786075
1729,9671,0.862597823,0.783407331
1730,9672,0.854365706,0.779734194
1731,9673,0.839338839,0.766299963
1732,9674,0.862009406,0.782450199
1733,9675,0.877080381,0.793277502
1734,9676,0.872846305,0.791667998
1735,9677,0.881949902,0.797690153
1736,9679,0.895187199,0.807626307
1737,9680,0.837617993,0.765293479
1738,9681,0.837409794,0.765378177
1739,9683,0.853060842,0.775929868
1740,9684,0.860850871,0.781770408
1741,9685,0.865484893,0.786097348
1742,9686,0.871732414,0.791537821
1743,9687,0.843741477,0.769464672
1744,9688,0.876120925,0.793929994
1745,9689,0.834492743,0.762511611
1746,9690,0.856642842,0.779877126
1747,9691,0.880107284,0.796279192
1748,9692,0.878474116,0.795259118
1749,9693,0.817328691,0.749886513
1750,9694,0.867730856,0.785823286
1751,9695,0.897643626,0.809644341
1752,9698,0.86662364,0.786152244
1753,9699,0.88256681,0.798374236
1754,9701,0.824375808,0.755898297
1755,9702,0.865167856,0.784568608
1756,9703,0.863167346,0.782895684
1757,9704,0.890405238,0.805173934
1758,9705,0.871289432,0.789646745
1759,9706,0.861221671,0.782376945
1760,9707,0.895427048,0.8080374
1761,9708,0.836268127,0.765187263
1762,9709,0.823353469,0.755250692
1763,9710,0.876451552,0.792805314
1764,9711,0.841740549,0.769964933
1765,9712,0.834483027,0.762011886
1766,9714,0.844550133,0.770787954
1767,9715,0.866481125,0.786278665
1768,9716,0.884821653,0.799893022
1769,9717,0.857873082,0.778558135
1770,9718,0.855937541,0.778302312
1771,9719,0.876754403,0.792963684
1772,9720,0.850536823,0.776814818
1773,9723,0.851680219,0.775770783
1774,9725,0.821678877,0.75371176
1775,9729,0.809143186,0.743601441
1776,9730,0.862075806,0.781119466
1777,9731,0.848184884,0.772879899
1778,9732,0.893912494,0.806688488
1779,9733,0.849613905,0.775775075
1780,9736,0.895714223,0.807953179
1781,9737,0.844166219,0.769687891
1782,9738,0.87205857,0.789369762
1783,9739,0.844768405,0.770361185
1784,9740,0.863677323,0.782494843
1785,9741,0.829314768,0.757814586
1786,9742,0.884451687,0.799994111
1787,9743,0.885062397,0.801829934
1788,9744,0.880919278,0.797050476
1789,9745,0.842915356,0.768840969
1790,9746,0.875810146,0.792246222
1791,9747,0.875876904,0.792949975
1792,9748,0.821091473,0.752963483
1793,9749,0.831659675,0.761121154
1794,9751,0.833586574,0.761104822
1795,9752,0.883287907,0.798703849
1796,9753,0.844781816,0.771053731
1797,9754,0.8462466,0.771554112
1798,9755,0.841180146,0.766935945
1799,9756,0.883126616,0.798819602
1800,9757,0.858588278,0.779597282
1801,9758,0.851782501,0.773639381
1802,9760,0.864086211,0.785135806
1803,9762,0.870768487,0.788300395
1804,9764,0.86181736,0.782726109
1805,9765,0.888191521,0.802719831
1806,9766,0.858315408,0.781127334
1807,9767,0.86651659,0.784741104
1808,9768,0.883078456,0.800182045
1809,9769,0.844213665,0.769601583
1810,9771,0.844684303,0.768833756
1811,9772,0.850374043,0.773496151
1812,9773,0.852493048,0.778286219
1813,9776,0.823440671,0.754137754
1814,9778,0.884197772,0.800995111
1815,9779,0.882339597,0.797992468
1816,9780,0.833758771,0.763928652
1817,9781,0.877656639,0.793472767
1818,9782,0.858549058,0.778733134
1819,9783,0.828283072,0.758121431
1820,9785,0.829634428,0.760079443
1821,9786,0.898678958,0.810720861
1822,9787,0.872214437,0.790774286
1823,9788,0.881582797,0.797805786
1824,9789,0.837560594,0.765940249
1825,9790,0.865867317,0.787036896
1826,9792,0.885639548,0.800706625
1827,9793,0.876576006,0.796411753
1828,9795,0.82962364,0.757562459
1829,9796,0.884727478,0.79925555
1830,9797,0.863378882,0.782875419
1831,9799,0.862544239,0.783869028
1832,9801,0.863418102,0.782243311
1833,9802,0.858254075,0.779309213
1834,9803,0.825536549,0.757708549
1835,9805,0.865799665,0.787366748
1836,9806,0.859758139,0.780383348
1837,9807,0.826292157,0.755936265
1838,9808,0.850030303,0.774580657
1839,9809,0.872628868,0.790759385
1840,9810,0.900212049,0.810129106
1841,9812,0.841296434,0.76716888
1842,9813,0.879391789,0.796047866
1843,9815,0.875344157,0.793058157
1844,9816,0.859876871,0.781382084
1845,9819,0.868286967,0.789231062
1846,9820,0.86910969,0.788596511
1847,9821,0.869426847,0.790382683
1848,9822,0.873052955,0.790188313
1849,9823,0.858516634,0.780619562
1850,9824,0.867494762,0.78595835
1851,9825,0.887027681,0.802210748
1852,9826,0.88083303,0.796325624
1853,9827,0.885677934,0.801109195
1854,9828,0.876627386,0.796021044
1855,9829,0.84948951,0.774126947
1856,9831,0.871791184,0.789699435
1857,9832,0.864367485,0.786146164
1858,9833,0.852937937,0.774441183
1859,9834,0.863943934,0.783219039
1860,9835,0.825618744,0.754301608
1861,9838,0.831370473,0.761733174
1862,9839,0.830008328,0.7611745
1863,9840,0.85757941,0.781079292
1864,9842,0.837084413,0.763383687
1865,9843,0.826314569,0.755935311
1866,9844,0.850458264,0.772847712
1867,9845,0.830852151,0.758391976
1868,9846,0.862245262,0.781261683
1869,9847,0.873086333,0.791835248
1870,9848,0.857461214,0.779962122
1871,9849,0.828595757,0.758932412
1872,9850,0.839543402,0.768293381
1873,9851,0.879655659,0.795940042
1874,9852,0.883898735,0.799025834
1875,9853,0.828920484,0.759454668
1876,9854,0.865216553,0.785664737
1877,9855,0.874608517,0.791152179
1878,9856,0.876458824,0.793755054
1879,9857,0.853228271,0.774842083
1880,9858,0.836066365,0.763868272
1881,9859,0.857255161,0.780232847
1882,9860,0.901152253,0.81270808
1883,9861,0.885065138,0.800146639
1884,9862,0.856235147,0.777148902
1885,9864,0.878354013,0.794389188
1886,9870,0.859036744,0.781668067
1887,9871,0.838922203,0.766192615
1888,9872,0.845481992,0.772761762
1889,9873,0.811885297,0.745873749
1890,9874,0.831279218,0.762061775
1891,9875,0.868980467,0.789488316
1892,9876,0.847487926,0.772498012
1893,9877,0.892710328,0.806518018
1894,9878,0.901737094,0.813932002
1895,9879,0.864943743,0.786093295
1896,9881,0.817622006,0.750101268
1897,9883,0.824313879,0.753494799
1898,9884,0.872174263,0.793096721
1899,9885,0.848996758,0.772527158
1900,9888,0.849629104,0.773566782
1901,9889,0.854526579,0.776132166
1902,9890,0.813337028,0.747075737
1903,9891,0.830116212,0.761491418
1904,9892,0.865104914,0.785080731
1905,9893,0.876976252,0.793618858
1906,9894,0.87949264,0.795331299
1907,9895,0.892744541,0.806030691
1908,9896,0.84906745,0.773813069
1909,9897,0.849207819,0.775708258
1910,9898,0.872715414,0.793524981
1911,9900,0.867450297,0.788157701
1912,9901,0.88995111,0.804709852
1913,9903,0.876776218,0.792913377
1914,9904,0.877753079,0.793804646
1915,9905,0.881289363,0.79785645
1916,9906,0.823577046,0.756000519
1917,9907,0.828429461,0.757300317
1918,9908,0.872395098,0.790882051
1919,9909,0.890144229,0.804340959
1920,9913,0.839320838,0.76735127
1921,9914,0.828209937,0.757914603
1922,9915,0.84104234,0.767834127
1923,9917,0.85413903,0.778050601
1924,9918,0.827400327,0.758535624
1925,9920,0.853749871,0.776265323
1926,9923,0.842894971,0.770499349
1927,9925,0.877388,0.79343915
1928,9926,0.895177603,0.807651877
1929,9927,0.888236761,0.802815676
1930,9928,0.836922407,0.765415192
1931,9929,0.83756417,0.765318871
1932,9930,0.863687098,0.783633232
1933,9931,0.8636747,0.784822285
1934,9932,0.865628302,0.785294652
1935,9935,0.873483062,0.790624261
1936,9936,0.893561125,0.806453466
1937,9938,0.882789969,0.799897671
1938,9939,0.895496607,0.808100224
1939,9940,0.829457462,0.758947968
1940,9942,0.878842652,0.796245277
1941,9943,0.879372418,0.796071112
1942,9944,0.885056913,0.800896168
1943,9945,0.846362174,0.771413922
1944,9946,0.861313403,0.782167315
1945,9948,0.859811485,0.779409051
1946,9949,0.865526438,0.784582078
1947,9950,0.877666056,0.793760777
1948,9951,0.871877849,0.790110171
1949,9952,0.827620387,0.759385765
1950,9954,0.865599155,0.786720455
1951,9956,0.872349441,0.793564022
1952,9957,0.86058116,0.782445014
1953,9958,0.841225147,0.766641557
1954,9959,0.837053776,0.764672339
1955,9960,0.877964377,0.795071006
1956,9961,0.854328692,0.776777208
1957,9963,0.834870398,0.763918996
1958,9964,0.877221465,0.794110894
1959,9965,0.870435536,0.789031684
1960,9966,0.875437021,0.79424125
1961,9967,0.82422322,0.755824268
1962,9968,0.878783345,0.795335472
1963,9969,0.875025392,0.791541338
1964,9970,0.841986716,0.767993271
1965,9971,0.876326859,0.7927742
1966,9972,0.878804564,0.795231342
1967,9974,0.827050269,0.755438209
1968,9975,0.874274552,0.7930879
1969,9976,0.869159102,0.788753211
1970,9977,0.858285546,0.780859113
1971,9980,0.825021148,0.755531609
1972,9981,0.865007579,0.786309719
1973,9982,0.829953849,0.761151373
1974,9983,0.876438141,0.792821884
1975,9984,0.826770008,0.757641852
1976,9985,0.840248942,0.766673803
1977,9986,0.864789724,0.784479558
1978,9987,0.859105647,0.780654311
1979,9988,0.879756927,0.79638505
1980,9989,0.843897223,0.769767046
1981,9990,0.878505707,0.793210864
1982,9991,0.896256089,0.808506548
1983,9992,0.880911946,0.797039986
1984,9993,0.898122609,0.810016394
1985,9994,0.834564149,0.76313585
1986,9995,0.882175207,0.798888743
1987,9996,0.87033689,0.789617121
1988,9997,0.873274624,0.791215897
1989,9998,0.847139299,0.772941411
1990,9999,0.831260145,0.760221779
1991,10000,0.872251987,0.79050988
1992,10001,0.877949119,0.793987513
1993,10002,0.902381122,0.814354599
1994,10003,0.857468724,0.779893398
1995,10004,0.863939106,0.784579635
1996,10005,0.878538013,0.794690847
1997,10006,0.890265644,0.804344356
1998,10007,0.845789015,0.772627652
1999,10008,0.899691343,0.812515557
